sample_freq,execution_time
0,2.244530
100,2.217999
500,2.324040
1000,2.247531
2000,2.227537
4000,2.240325
8000,2.271582
16000,2.430075
32000,2.357304
